id,winner_model_a,winner_model_b,winner_tie
136060,0.24983889,0.31585968,0.43430144
211333,0.32103598,0.27001798,0.40894604
1233961,0.31761944,0.41014966,0.2722309
